exp_id,env_id,nb_joints,action,obs,reward,random_goal,goal_env,ep_len,actionStepCoeff,bounds,joint_limits,algo,nb_seeds,nb_eval_timesteps,deterministic,_init_setup_model,create_eval_env,device,ent_coef,gae_lambda,gamma,learning_rate,max_grad_norm,n_envs,n_steps,n_timesteps,num_threads,normalize,normalize_advantage,policy,policy_kwargs,rms_prop_eps,sde_sample_freq,use_rms_prop,use_sde,vf_coef,nb_eval_ep_during_training,eval_freq_during_training,vec_env,mean_train_time(s),std_train_time(s),min_train_time(s),simulated_time(s),mean_return,std_return,max_return,mean_SR_50,std_SR_50,max_SR_50,mean_RT_50,std_RT_50,max_RT_50,mean_SR_20,std_SR_20,max_SR_20,mean_RT_20,std_RT_20,max_RT_20,mean_SR_10,std_SR_10,max_SR_10,mean_RT_10,std_RT_10,max_RT_10,mean_SR_5,std_SR_5,max_SR_5,mean_RT_5,std_RT_5,max_RT_5,mean_SR_2,std_SR_2,max_SR_2,mean_RT_2,std_RT_2,max_RT_2,mean_SR_1,std_SR_1,max_SR_1,mean_RT_1,std_RT_1,max_RT_1,mean_SR_05,std_SR_05,max_SR_05,mean_RT_05,std_RT_05,max_RT_05,batch_size,buffer_size,gradient_steps,learning_starts,n_episodes_rollout,optimize_memory_usage,tau,train_freq,clip_range,n_epochs,target_entropy,target_update_interval,use_sde_at_warmup,policy_delay,target_noise_clip,target_policy_noise,goal_selection_strategy,max_episode_length,model_class,n_sampled_goal,online_sampling
1,widowx_reacher-v1,6,act1,obs1,rew1,0,0,100,30,large,small,a2c,2,1000,1,True,False,auto,0,1.0,0.99,0.0007,0.5,8.0,5.0,100000,,True,False,MlpPolicy,None,5e-05,-1.0,True,False,0.5,10,1000,dummy,186.554592728615,3.78626904805934,183.877296209335,416.666666666667,-0.8703178788373409,0.619333348244218,-0.432383068478884,0.5,0.707106781186548,1.0,28.0,,28.0,0.0,0.0,0.0,,,,0.0,0.0,0.0,,,,0.0,0.0,0.0,,,,0.0,0.0,0.0,,,,0.0,0.0,0.0,,,,0.0,0.0,0.0,,,,,,,,,,,,,,,,,,,,,,,,
2,widowx_reacher-v1,6,act1,obs1,rew1,0,0,100,30,large,small,ddpg,2,1000,1,True,False,auto,,,0.99,0.001,,,,100000,,True,,MlpPolicy,None,,,,,,10,1000,dummy,1130.23475706577,15.3699968954131,1119.36652803421,416.666666666667,-0.817561945179477,0.457495062319205,-0.494064084254205,0.0,0.0,0.0,,,,0.0,0.0,0.0,,,,0.0,0.0,0.0,,,,0.0,0.0,0.0,,,,0.0,0.0,0.0,,,,0.0,0.0,0.0,,,,0.0,0.0,0.0,,,,100.0,1000000.0,-1.0,100.0,1.0,False,0.005,-1.0,,,,,,,,,,,,,
3,widowx_reacher-v1,6,act1,obs1,rew1,0,0,100,30,large,small,ppo,2,1000,1,True,False,auto,0,0.95,0.99,0.0003,0.5,8.0,2048.0,100000,,True,,MlpPolicy,None,,-1.0,,False,0.5,10,1000,dummy,316.219397783279,7.72268776122521,310.758632898331,416.666666666667,-1.06048398592975,0.427426864931447,-0.7582475512754171,0.0,0.0,0.0,,,,0.0,0.0,0.0,,,,0.0,0.0,0.0,,,,0.0,0.0,0.0,,,,0.0,0.0,0.0,,,,0.0,0.0,0.0,,,,0.0,0.0,0.0,,,,64.0,,,,,,,,0.2,10.0,,,,,,,,,,,
4,widowx_reacher-v1,6,act1,obs1,rew1,0,0,100,30,large,small,sac,2,1000,1,True,False,auto,auto,,0.99,0.0003,,,,100000,,True,,MlpPolicy,None,,-1.0,,False,,10,1000,dummy,1780.37106847763,1.38294329817632,1779.39317989349,416.666666666667,-2.588556045433509,1.9418829391192096,-1.21543745091185,0.0,0.0,0.0,,,,0.0,0.0,0.0,,,,0.0,0.0,0.0,,,,0.0,0.0,0.0,,,,0.0,0.0,0.0,,,,0.0,0.0,0.0,,,,0.0,0.0,0.0,,,,256.0,1000000.0,1.0,100.0,-1.0,False,0.005,1.0,,,auto,1.0,False,,,,,,,,
5,widowx_reacher-v1,6,act1,obs1,rew1,0,0,100,30,large,small,td3,2,1000,1,True,False,auto,,,0.99,0.001,,,,100000,,True,,MlpPolicy,None,,,,,,10,1000,dummy,1104.05622947216,25.924455880932804,1085.7248709201801,416.666666666667,-1.6416893790356002,1.7531761219313402,-0.402006654603611,0.5,0.707106781186548,1.0,29.0,,29.0,0.5,0.707106781186548,1.0,41.0,,41.0,0.0,0.0,0.0,,,,0.0,0.0,0.0,,,,0.0,0.0,0.0,,,,0.0,0.0,0.0,,,,0.0,0.0,0.0,,,,100.0,1000000.0,-1.0,100.0,1.0,False,0.005,-1.0,,,,,,2.0,0.5,0.2,,,,,
6,widowx_reacher-v3,6,act1,obs1,rew1,1,0,100,30,large,small,a2c,2,1000,1,True,False,auto,0,1.0,0.99,0.0007,0.5,8.0,5.0,100000,,True,False,MlpPolicy,None,5e-05,-1.0,True,False,0.5,10,1000,dummy,190.666263580322,3.064965016658181,188.49900603294398,416.666666666667,-1.40886613528128,0.052391424063399014,-1.37181980405003,0.0,0.0,0.0,,,,0.0,0.0,0.0,,,,0.0,0.0,0.0,,,,0.0,0.0,0.0,,,,0.0,0.0,0.0,,,,0.0,0.0,0.0,,,,0.0,0.0,0.0,,,,,,,,,,,,,,,,,,,,,,,,
7,widowx_reacher-v3,6,act1,obs1,rew1,1,0,100,30,large,small,ddpg,2,1000,1,True,False,auto,,,0.99,0.001,,,,100000,,True,,MlpPolicy,None,,,,,,10,1000,dummy,1106.4488689899401,0.889130253360769,1105.82015895844,416.666666666667,-1.76497769276612,0.051155042755583004,-1.72880561514175,0.1,0.14142135623731,0.2,,,,0.0,0.0,0.0,,,,0.0,0.0,0.0,,,,0.0,0.0,0.0,,,,0.0,0.0,0.0,,,,0.0,0.0,0.0,,,,0.0,0.0,0.0,,,,100.0,1000000.0,-1.0,100.0,1.0,False,0.005,-1.0,,,,,,,,,,,,,
8,widowx_reacher-v3,6,act1,obs1,rew1,1,0,100,30,large,small,ppo,2,1000,1,True,False,auto,0,0.95,0.99,0.0003,0.5,8.0,2048.0,100000,,True,,MlpPolicy,None,,-1.0,,False,0.5,10,1000,dummy,314.511336326599,12.3324817840152,305.790954828262,416.666666666667,-2.1018521992984502,0.266471884436266,-1.913428122818,0.0,0.0,0.0,,,,0.0,0.0,0.0,,,,0.0,0.0,0.0,,,,0.0,0.0,0.0,,,,0.0,0.0,0.0,,,,0.0,0.0,0.0,,,,0.0,0.0,0.0,,,,64.0,,,,,,,,0.2,10.0,,,,,,,,,,,
9,widowx_reacher-v3,6,act1,obs1,rew1,1,0,100,30,large,small,sac,2,1000,1,True,False,auto,auto,,0.99,0.0003,,,,100000,,True,,MlpPolicy,None,,-1.0,,False,,10,1000,dummy,1752.6331590414002,10.017799623095199,1745.54950499535,416.666666666667,-1.5353845473058798,0.19333669467362,-1.3986748594499698,0.05,0.070710678118655,0.1,,,,0.0,0.0,0.0,,,,0.0,0.0,0.0,,,,0.0,0.0,0.0,,,,0.0,0.0,0.0,,,,0.0,0.0,0.0,,,,0.0,0.0,0.0,,,,256.0,1000000.0,1.0,100.0,-1.0,False,0.005,1.0,,,auto,1.0,False,,,,,,,,
10,widowx_reacher-v3,6,act1,obs1,rew1,1,0,100,30,large,small,td3,2,1000,1,True,False,auto,,,0.99,0.001,,,,100000,,True,,MlpPolicy,None,,,,,,10,1000,dummy,1089.5788614749902,6.75894039008616,1084.79956889153,416.666666666667,-1.3611209523383898,0.000686286347752,-1.36063567460806,0.0,0.0,0.0,,,,0.0,0.0,0.0,,,,0.0,0.0,0.0,,,,0.0,0.0,0.0,,,,0.0,0.0,0.0,,,,0.0,0.0,0.0,,,,0.0,0.0,0.0,,,,100.0,1000000.0,-1.0,100.0,1.0,False,0.005,-1.0,,,,,,2.0,0.5,0.2,,,,,
11,widowx_reacher-v2,6,act1,obs1,rew1,0,1,100,30,large,small,her,2,1000,1,,,,,,,,,,,100000,,True,,MlpPolicy,,,,,,,10,1000,dummy,2946.79255604744,11.9385914991736,2938.35069704056,416.666666666667,-2.16521502099931,0.355476846318766,-1.9138549324125,0.0,0.0,0.0,,,,0.0,0.0,0.0,,,,0.0,0.0,0.0,,,,0.0,0.0,0.0,,,,0.0,0.0,0.0,,,,0.0,0.0,0.0,,,,0.0,0.0,0.0,,,,,,,,,,,,,,,,,,,,future,100.0,sac,4.0,True
12,widowx_reacher-v4,6,act1,obs1,rew1,1,1,100,30,large,small,her,2,1000,1,,,,,,,,,,,100000,,True,,MlpPolicy,,,,,,,10,1000,dummy,2918.40903294086,72.7543553693006,2866.96393489838,416.666666666667,-1.75915355181205,0.15607842970514402,-1.6487894357706,0.0,0.0,0.0,,,,0.0,0.0,0.0,,,,0.0,0.0,0.0,,,,0.0,0.0,0.0,,,,0.0,0.0,0.0,,,,0.0,0.0,0.0,,,,0.0,0.0,0.0,,,,,,,,,,,,,,,,,,,,future,100.0,sac,4.0,True
13,widowx_reacher-v1,6,act1,obs1,rew1,0,0,100,30,large,small,ppo,2,1000,1,True,False,auto,0,0.95,0.99,0.0003,0.5,8.0,2048.0,1000000,-1.0,True,,MlpPolicy,None,,-1.0,,False,0.5,10,1000,dummy,2786.99718976021,7.6250311530019905,2781.60547852516,4166.6666666666715,-0.38467697344597707,0.00036870925572099993,-0.384416256630971,1.0,0.0,1.0,28.0,0.0,28.0,1.0,0.0,1.0,36.0,0.0,36.0,1.0,0.0,1.0,38.0,0.0,38.0,1.0,0.0,1.0,40.0,0.0,40.0,0.5,0.707106781186548,1.0,58.0,,58.0,0.0,0.0,0.0,,,,0.0,0.0,0.0,,,,64.0,,,,,,,,0.2,10.0,,,,,,,,,,,
14,widowx_reacher-v1,6,act1,obs1,rew1,0,0,100,30,large,small,ppo,2,1000,1,True,False,auto,0.02444074907124,1.0,0.995,0.00014778588797600002,0.6,8.0,8.0,200000,6.0,True,,MlpPolicy,"dict(log_std_init=0.1271142705653581, net_arch=[dict(pi=[64, 64], vf=[64, 64])], activation_fn=nn.ReLU, ortho_init=False)",,-1.0,,False,0.767299553525891,10,1000,dummy,2474.24408435822,115.58850552009,2392.51066827774,833.333333333334,-0.3848995396551521,0.000396502409733,-0.384619170112472,1.0,0.0,1.0,28.0,0.0,28.0,1.0,0.0,1.0,36.0,0.0,36.0,1.0,0.0,1.0,38.0,0.0,38.0,1.0,0.0,1.0,40.0,0.0,40.0,0.0,0.0,0.0,,,,0.0,0.0,0.0,,,,0.0,0.0,0.0,,,,8.0,,,,,,,,0.1,20.0,,,,,,,,,,,
15,widowx_reacher-v1,6,act1,obs1,rew1,0,0,100,30,large,small,ppo,1,1000,1,,,,,,,,,8.0,,200000,1.0,True,,MlpPolicy,,,,,,,10,1000,dummy,373.438841819763,,373.438841819763,833.333333333334,-1.4295660785283,,-1.4295660785283,0.0,,0.0,,,,0.0,,0.0,,,,0.0,,0.0,,,,0.0,,0.0,,,,0.0,,0.0,,,,0.0,,0.0,,,,0.0,,0.0,,,,,,,,,,,,,,,,,,,,,,,,
16,widowx_reacher-v1,6,act1,obs1,rew1,0,0,100,30,large,small,ppo,1,1000,1,,,,,,,,,8.0,,200000,2.0,True,,MlpPolicy,,,,,,,10,1000,dummy,371.847121477127,,371.847121477127,833.333333333334,-1.58373288426083,,-1.58373288426083,0.0,,0.0,,,,0.0,,0.0,,,,0.0,,0.0,,,,0.0,,0.0,,,,0.0,,0.0,,,,0.0,,0.0,,,,0.0,,0.0,,,,,,,,,,,,,,,,,,,,,,,,
17,widowx_reacher-v1,6,act1,obs1,rew1,0,0,100,30,large,small,ppo,1,1000,1,,,,,,,,,8.0,,200000,3.0,True,,MlpPolicy,,,,,,,10,1000,dummy,366.1385471820829,,366.1385471820829,833.333333333334,-1.58373288426083,,-1.58373288426083,0.0,,0.0,,,,0.0,,0.0,,,,0.0,,0.0,,,,0.0,,0.0,,,,0.0,,0.0,,,,0.0,,0.0,,,,0.0,,0.0,,,,,,,,,,,,,,,,,,,,,,,,
18,widowx_reacher-v1,6,act1,obs1,rew1,0,0,100,30,large,small,ppo,1,1000,1,,,,,,,,,8.0,,200000,4.0,True,,MlpPolicy,,,,,,,10,1000,dummy,361.92627930641197,,361.92627930641197,833.333333333334,-1.58373288426083,,-1.58373288426083,0.0,,0.0,,,,0.0,,0.0,,,,0.0,,0.0,,,,0.0,,0.0,,,,0.0,,0.0,,,,0.0,,0.0,,,,0.0,,0.0,,,,,,,,,,,,,,,,,,,,,,,,
19,widowx_reacher-v1,6,act1,obs1,rew1,0,0,100,30,large,small,ppo,1,1000,1,,,,,,,,,8.0,,200000,8.0,True,,MlpPolicy,,,,,,,10,1000,dummy,366.04948759079,,366.04948759079,833.333333333334,-1.58373288426083,,-1.58373288426083,0.0,,0.0,,,,0.0,,0.0,,,,0.0,,0.0,,,,0.0,,0.0,,,,0.0,,0.0,,,,0.0,,0.0,,,,0.0,,0.0,,,,,,,,,,,,,,,,,,,,,,,,
20,widowx_reacher-v1,6,act1,obs1,rew1,0,0,100,30,large,small,ppo,1,1000,1,,,,,,,,,8.0,,200000,5.0,True,,MlpPolicy,,,,,,,10,1000,dummy,363.957358121872,,363.957358121872,833.333333333334,-1.58373288426083,,-1.58373288426083,0.0,,0.0,,,,0.0,,0.0,,,,0.0,,0.0,,,,0.0,,0.0,,,,0.0,,0.0,,,,0.0,,0.0,,,,0.0,,0.0,,,,,,,,,,,,,,,,,,,,,,,,
21,widowx_reacher-v1,6,act1,obs1,rew1,0,0,100,30,large,small,ppo,1,1000,1,,,,,,,,,8.0,,200000,6.0,True,,MlpPolicy,,,,,,,10,1000,dummy,360.651838302612,,360.651838302612,833.333333333334,-1.58373288426083,,-1.58373288426083,0.0,,0.0,,,,0.0,,0.0,,,,0.0,,0.0,,,,0.0,,0.0,,,,0.0,,0.0,,,,0.0,,0.0,,,,0.0,,0.0,,,,,,,,,,,,,,,,,,,,,,,,
22,widowx_reacher-v1,6,act1,obs1,rew1,0,0,100,30,large,small,ppo,1,1000,1,True,False,auto,0,0.95,0.99,0.0003,0.5,8.0,2048.0,500000,6.0,True,,MlpPolicy,None,,-1.0,,False,0.5,10,1000,dummy,886.5670175552368,,886.5670175552368,2083.3333333333303,-0.513208549920591,,-0.513208549920591,0.0,,0.0,,,,0.0,,0.0,,,,0.0,,0.0,,,,0.0,,0.0,,,,0.0,,0.0,,,,0.0,,0.0,,,,0.0,,0.0,,,,64.0,,,,,,,,0.2,10.0,,,,,,,,,,,
23,widowx_reacher-v1,6,act1,obs1,rew1,0,0,100,30,large,small,ppo,1,1000,1,True,False,auto,0,0.95,0.99,1e-05,0.5,8.0,2048.0,200000,6.0,True,,MlpPolicy,None,,-1.0,,False,0.5,10,1000,dummy,354.82150959968595,,354.82150959968595,833.333333333333,-1.28390499058878,,-1.28390499058878,0.0,,0.0,,,,0.0,,0.0,,,,0.0,,0.0,,,,0.0,,0.0,,,,0.0,,0.0,,,,0.0,,0.0,,,,0.0,,0.0,,,,64.0,,,,,,,,0.2,10.0,,,,,,,,,,,
24,widowx_reacher-v1,6,act1,obs1,rew1,0,0,100,30,large,small,ppo,1,1000,1,True,False,auto,0,0.95,0.99,0.1,0.5,8.0,2048.0,200000,6.0,True,,MlpPolicy,None,,-1.0,,False,0.5,10,1000,dummy,365.445931911468,,365.445931911468,833.333333333333,-3.6346545256674303,,-3.6346545256674303,0.0,,0.0,,,,0.0,,0.0,,,,0.0,,0.0,,,,0.0,,0.0,,,,0.0,,0.0,,,,0.0,,0.0,,,,0.0,,0.0,,,,64.0,,,,,,,,0.2,10.0,,,,,,,,,,,
25,widowx_reacher-v1,6,act1,obs1,rew1,0,0,100,30,large,small,ppo,1,1000,1,True,False,auto,0.02444074907124,1.0,0.995,0.00014778588797600002,0.6,8.0,8.0,100000,6.0,True,,MlpPolicy,"dict(log_std_init=0.1271142705653581, net_arch=[dict(pi=[64, 64], vf=[64, 64])], activation_fn=nn.ReLU, ortho_init=False)",,-1.0,,False,0.767299553525891,10,1000,dummy,1205.3181111812598,,1205.3181111812598,416.666666666667,-0.3849303695369461,,-0.3849303695369461,1.0,,1.0,28.0,,28.0,1.0,,1.0,36.0,,36.0,1.0,,1.0,38.0,,38.0,1.0,,1.0,40.0,,40.0,0.0,,0.0,,,,0.0,,0.0,,,,0.0,,0.0,,,,8.0,,,,,,,,0.1,20.0,,,,,,,,,,,
26,widowx_reacher-v1,6,act1,obs1,rew1,0,0,100,30,large,small,ppo,2,1000,1,,,,0.01,,,0.00025,,8.0,128.0,100000,6.0,True,,MlpPolicy,,,,,,0.5,10,-1,dummy,35.1379536390305,0.52679868574688,34.7654507160187,416.666666666667,-0.449110466325692,0.045598363983126,-0.416867553942211,1.0,0.0,1.0,29.0,0.0,29.0,0.0,0.0,0.0,,,,0.0,0.0,0.0,,,,0.0,0.0,0.0,,,,0.0,0.0,0.0,,,,0.0,0.0,0.0,,,,0.0,0.0,0.0,,,,256.0,,,,,,,,0.2,4.0,,,,,,,,,,,
27,widowx_reacher-v1,6,act1,obs1,rew1,0,0,100,30,large,small,ppo,2,1000,1,,,,0.01,,,0.00025,,8.0,128.0,500000,6.0,True,,MlpPolicy,,,,,,0.5,10,-1,dummy,184.460328698158,14.9277729418739,173.90479922294602,2083.3333333333303,-0.39372516701485,0.001036678804428,-0.392992124402326,1.0,0.0,1.0,29.0,0.0,29.0,1.0,0.0,1.0,36.0,0.0,36.0,1.0,0.0,1.0,38.0,0.0,38.0,1.0,0.0,1.0,41.5,2.12132034355964,43.0,0.0,0.0,0.0,,,,0.0,0.0,0.0,,,,0.0,0.0,0.0,,,,256.0,,,,,,,,0.2,4.0,,,,,,,,,,,
28,widowx_reacher-v1,6,act1,obs1,rew1,0,0,100,30,large,small,ppo,2,1000,1,,,,0.01,,,0.00025,,8.0,128.0,200000,6.0,True,,MlpPolicy,,,,,,0.5,10,-1,dummy,69.3782682418823,0.574323977889956,68.9721598625183,833.333333333334,-0.420096493183337,0.009728848048248,-0.4132171587552871,1.0,0.0,1.0,29.0,0.0,29.0,0.0,0.0,0.0,,,,0.0,0.0,0.0,,,,0.0,0.0,0.0,,,,0.0,0.0,0.0,,,,0.0,0.0,0.0,,,,0.0,0.0,0.0,,,,256.0,,,,,,,,0.2,4.0,,,,,,,,,,,
29,widowx_reacher-v1,6,act1,obs1,rew1,0,0,100,30,large,small,ppo,2,1000,1,,,,0.01,,,0.00025,,8.0,128.0,1000000,6.0,True,,MlpPolicy,,,,,,0.5,10,-1,dummy,338.434450984001,6.629118824365902,333.746956110001,4166.6666666666715,-0.386838187665347,0.000399803751191,-0.386555483721736,1.0,0.0,1.0,28.0,0.0,28.0,1.0,0.0,1.0,36.0,0.0,36.0,1.0,0.0,1.0,38.0,0.0,38.0,1.0,0.0,1.0,41.0,1.4142135623731005,42.0,0.0,0.0,0.0,,,,0.0,0.0,0.0,,,,0.0,0.0,0.0,,,,256.0,,,,,,,,0.2,4.0,,,,,,,,,,,
30,widowx_reacher-v1,6,act1,obs1,rew1,0,0,100,30,large,small,ppo,2,1000,1,,,,0.01,,,0.00025,,8.0,128.0,500000,6.0,True,,MlpPolicy,,,,,,0.5,10,-1,dummy,138.8473995924,1.24529320822628,137.96684432029699,2083.3333333333303,-0.39409623926997,0.001229437613849,-0.3932268955961721,1.0,0.0,1.0,29.0,0.0,29.0,1.0,0.0,1.0,36.0,0.0,36.0,1.0,0.0,1.0,38.0,0.0,38.0,0.0,0.0,0.0,,,,0.0,0.0,0.0,,,,0.0,0.0,0.0,,,,0.0,0.0,0.0,,,,256.0,,,,,,,,0.2,4.0,,,,,,,,,,,
31,widowx_reacher-v5,6,act1,obs2,rew1,0,0,100,30,large,small,ppo,2,1000,1,,,,0.01,,,0.00025,,8.0,128.0,500000,6.0,True,,MlpPolicy,,,,,,0.5,10,-1,dummy,135.512108683586,0.64133965865837,135.058613061905,2083.3333333333303,-0.4236412051504879,0.005127762434760001,-0.420015329560556,1.0,0.0,1.0,30.0,0.0,30.0,0.0,0.0,0.0,,,,0.0,0.0,0.0,,,,0.0,0.0,0.0,,,,0.0,0.0,0.0,,,,0.0,0.0,0.0,,,,0.0,0.0,0.0,,,,256.0,,,,,,,,0.2,4.0,,,,,,,,,,,
32,widowx_reacher-v6,6,act1,obs3,rew1,0,0,100,30,large,small,ppo,2,1000,1,,,,0.01,,,0.00025,,8.0,128.0,500000,6.0,True,,MlpPolicy,,,,,,0.5,10,-1,dummy,133.838556647301,0.21507823393677106,133.68647336959802,2083.3333333333303,-0.389092389491708,0.002581094258593,-0.38726728023857504,1.0,0.0,1.0,28.5,0.707106781186548,29.0,1.0,0.0,1.0,36.0,0.0,36.0,1.0,0.0,1.0,39.0,1.4142135623731005,40.0,0.5,0.707106781186548,1.0,40.0,,40.0,0.0,0.0,0.0,,,,0.0,0.0,0.0,,,,0.0,0.0,0.0,,,,256.0,,,,,,,,0.2,4.0,,,,,,,,,,,
33,widowx_reacher-v7,6,act1,obs4,rew1,0,0,100,30,large,small,ppo,2,1000,1,,,,0.01,,,0.00025,,8.0,128.0,500000,6.0,True,,MlpPolicy,,,,,,0.5,10,-1,dummy,133.52432918548598,0.535841207801175,133.14543223381,2083.3333333333303,-0.39329581389247903,0.00245059980415,-0.39156297815299,1.0,0.0,1.0,29.0,0.0,29.0,1.0,0.0,1.0,36.0,0.0,36.0,1.0,0.0,1.0,38.0,0.0,38.0,0.5,0.707106781186548,1.0,43.0,,43.0,0.0,0.0,0.0,,,,0.0,0.0,0.0,,,,0.0,0.0,0.0,,,,256.0,,,,,,,,0.2,4.0,,,,,,,,,,,
34,widowx_reacher-v8,6,act1,obs5,rew1,0,0,100,30,large,small,ppo,2,1000,1,,,,0.01,,,0.00025,,8.0,128.0,500000,6.0,True,,MlpPolicy,,,,,,0.5,10,-1,dummy,134.673298358917,0.675694566403984,134.195510149002,2083.3333333333303,-0.39148228154302,0.002588788839113,-0.38965173139982295,1.0,0.0,1.0,29.0,0.0,29.0,1.0,0.0,1.0,36.0,0.0,36.0,0.5,0.707106781186548,1.0,39.0,,39.0,0.0,0.0,0.0,,,,0.0,0.0,0.0,,,,0.0,0.0,0.0,,,,0.0,0.0,0.0,,,,256.0,,,,,,,,0.2,4.0,,,,,,,,,,,
35,widowx_reacher-v9,6,act1,obs2,rew1,1,0,100,30,large,small,ppo,2,1000,1,,,,0.01,,,0.00025,,8.0,128.0,500000,6.0,True,,MlpPolicy,,,,,,0.5,10,-1,dummy,132.78305077552798,0.4286412043758979,132.479955673218,2083.3333333333303,-1.01314516496677,0.046864602267372005,-0.9800068869059028,0.05,0.070710678118655,0.1,,,,0.0,0.0,0.0,,,,0.0,0.0,0.0,,,,0.0,0.0,0.0,,,,0.0,0.0,0.0,,,,0.0,0.0,0.0,,,,0.0,0.0,0.0,,,,256.0,,,,,,,,0.2,4.0,,,,,,,,,,,
36,widowx_reacher-v10,6,act1,obs3,rew1,1,0,100,30,large,small,ppo,2,1000,1,,,,0.01,,,0.00025,,8.0,128.0,500000,6.0,True,,MlpPolicy,,,,,,0.5,10,-1,dummy,141.19640660286,1.50388856901277,140.13299679756201,2083.3333333333303,-0.8841387393344119,0.07637671718653301,-0.830132244687047,0.25,0.070710678118655,0.3,18.0,,18.0,0.0,0.0,0.0,,,,0.0,0.0,0.0,,,,0.0,0.0,0.0,,,,0.0,0.0,0.0,,,,0.0,0.0,0.0,,,,0.0,0.0,0.0,,,,256.0,,,,,,,,0.2,4.0,,,,,,,,,,,
37,widowx_reacher-v11,6,act1,obs4,rew1,1,0,100,30,large,small,ppo,2,1000,1,,,,0.01,,,0.00025,,8.0,128.0,500000,6.0,True,,MlpPolicy,,,,,,0.5,10,-1,dummy,140.786321282387,7.24310635845256,135.66467165946995,2083.3333333333303,-1.05477964058809,0.015563313518675,-1.04377471606131,0.1,0.14142135623731,0.2,,,,0.0,0.0,0.0,,,,0.0,0.0,0.0,,,,0.0,0.0,0.0,,,,0.0,0.0,0.0,,,,0.0,0.0,0.0,,,,0.0,0.0,0.0,,,,256.0,,,,,,,,0.2,4.0,,,,,,,,,,,
38,widowx_reacher-v12,6,act1,obs5,rew1,1,0,100,30,large,small,ppo,2,1000,1,,,,0.01,,,0.00025,,8.0,128.0,500000,6.0,True,,MlpPolicy,,,,,,0.5,10,-1,dummy,143.992316007614,10.9790159916875,136.228979349136,2083.3333333333303,-0.809156134331715,0.024017491366259,-0.792173203319544,0.2,0.2828427124746189,0.4,19.0,,19.0,0.0,0.0,0.0,,,,0.0,0.0,0.0,,,,0.0,0.0,0.0,,,,0.0,0.0,0.0,,,,0.0,0.0,0.0,,,,0.0,0.0,0.0,,,,256.0,,,,,,,,0.2,4.0,,,,,,,,,,,
39,widowx_reacher-v3,6,act1,obs1,rew1,1,0,100,30,large,small,ppo,2,1000,1,,,,0.01,,,0.00025,,8.0,128.0,500000,6.0,True,,MlpPolicy,,,,,,0.5,10,-1,dummy,143.43565928936002,0.12380872772430802,143.348113298416,2083.3333333333303,-1.50582876516419,0.050551194416979,-1.47008367279486,0.05,0.070710678118655,0.1,,,,0.0,0.0,0.0,,,,0.0,0.0,0.0,,,,0.0,0.0,0.0,,,,0.0,0.0,0.0,,,,0.0,0.0,0.0,,,,0.0,0.0,0.0,,,,256.0,,,,,,,,0.2,4.0,,,,,,,,,,,
40,widowx_reacher-v3,6,act1,obs1,rew1,1,0,100,30,large,small,ppo,2,1000,1,,,,0.01,,,0.00025,,8.0,128.0,1000000,6.0,True,,MlpPolicy,,,,,,0.5,10,-1,dummy,293.279653549194,7.0781842229428,288.274621486664,4166.6666666666715,-1.556246304448,0.05972674241457401,-1.51401311986847,0.05,0.070710678118655,0.1,,,,0.0,0.0,0.0,,,,0.0,0.0,0.0,,,,0.0,0.0,0.0,,,,0.0,0.0,0.0,,,,0.0,0.0,0.0,,,,0.0,0.0,0.0,,,,256.0,,,,,,,,0.2,4.0,,,,,,,,,,,
41,widowx_reacher-v9,6,act1,obs2,rew1,1,0,100,30,large,small,ppo,2,1000,1,,,,0.01,,,0.00025,,8.0,128.0,1000000,6.0,True,,MlpPolicy,,,,,,0.5,10,-1,dummy,289.815709352493,3.34035758245014,287.45371985435503,4166.6666666666715,-0.8616815501060051,0.062256354007306,-0.817659660015488,0.2,0.2828427124746189,0.4,,,,0.1,0.14142135623731,0.2,,,,0.0,0.0,0.0,,,,0.0,0.0,0.0,,,,0.0,0.0,0.0,,,,0.0,0.0,0.0,,,,0.0,0.0,0.0,,,,256.0,,,,,,,,0.2,4.0,,,,,,,,,,,
42,widowx_reacher-v10,6,act1,obs3,rew1,1,0,100,30,large,small,ppo,2,1000,1,,,,0.01,,,0.00025,,8.0,128.0,1000000,6.0,True,,MlpPolicy,,,,,,0.5,10,-1,dummy,288.936811923981,0.320311665410549,288.710317373276,4166.6666666666715,-0.753323953513427,0.005250386513447,-0.7496113696059179,0.5,0.2828427124746189,0.7,18.0,,18.0,0.0,0.0,0.0,,,,0.0,0.0,0.0,,,,0.0,0.0,0.0,,,,0.0,0.0,0.0,,,,0.0,0.0,0.0,,,,0.0,0.0,0.0,,,,256.0,,,,,,,,0.2,4.0,,,,,,,,,,,
43,widowx_reacher-v11,6,act1,obs4,rew1,1,0,100,30,large,small,ppo,2,1000,1,,,,0.01,,,0.00025,,8.0,128.0,1000000,6.0,True,,MlpPolicy,,,,,,0.5,10,-1,dummy,288.59761214256304,0.691115592511978,288.108919620514,4166.6666666666715,-0.643054177242402,0.08945761061096001,-0.579798094150647,0.65,0.070710678118655,0.7,20.0,2.82842712474619,22.0,0.25,0.070710678118655,0.3,28.0,,28.0,0.05,0.070710678118655,0.1,,,,0.0,0.0,0.0,,,,0.0,0.0,0.0,,,,0.0,0.0,0.0,,,,0.0,0.0,0.0,,,,256.0,,,,,,,,0.2,4.0,,,,,,,,,,,
44,widowx_reacher-v12,6,act1,obs5,rew1,1,0,100,30,large,small,ppo,2,1000,1,,,,0.01,,,0.00025,,8.0,128.0,1000000,6.0,True,,MlpPolicy,,,,,,0.5,10,-1,dummy,289.47863805293997,0.876297549513365,288.859002113342,4166.6666666666715,-0.720757407591736,0.032666947962153,-0.69765838716703,0.55,0.353553390593274,0.8,20.0,,20.0,0.0,0.0,0.0,,,,0.0,0.0,0.0,,,,0.0,0.0,0.0,,,,0.0,0.0,0.0,,,,0.0,0.0,0.0,,,,0.0,0.0,0.0,,,,256.0,,,,,,,,0.2,4.0,,,,,,,,,,,
45,widowx_reacher-v3,6,act1,obs1,rew1,1,0,100,30,large,small,ppo,2,1000,1,,,,0.01,,,0.00025,,8.0,128.0,10000000,6.0,True,,MlpPolicy,,,,,,0.5,10,-1,dummy,2779.8578581809998,13.9642846895595,2769.9836177825896,41666.6666666667,-1.37854661897582,0.003314382426865,-1.37620299668633,0.05,0.070710678118655,0.1,,,,0.05,0.070710678118655,0.1,,,,0.0,0.0,0.0,,,,0.0,0.0,0.0,,,,0.0,0.0,0.0,,,,0.0,0.0,0.0,,,,0.0,0.0,0.0,,,,256.0,,,,,,,,0.2,4.0,,,,,,,,,,,
46,widowx_reacher-v9,6,act1,obs2,rew1,1,0,100,30,large,small,ppo,2,1000,1,,,,0.01,,,0.00025,,8.0,128.0,10000000,6.0,True,,MlpPolicy,,,,,,0.5,10,-1,dummy,2778.08382368088,9.582735407593939,2771.30780649185,41666.6666666667,-0.41481989047227896,0.163718708465091,-0.299053281509509,0.9,0.141421356237309,1.0,18.0,0.0,18.0,0.5,0.2828427124746189,0.7,28.0,,28.0,0.05,0.070710678118655,0.1,,,,0.0,0.0,0.0,,,,0.0,0.0,0.0,,,,0.0,0.0,0.0,,,,0.0,0.0,0.0,,,,256.0,,,,,,,,0.2,4.0,,,,,,,,,,,
47,widowx_reacher-v10,6,act1,obs3,rew1,1,0,100,30,large,small,ppo,2,1000,1,,,,0.01,,,0.00025,,8.0,128.0,10000000,6.0,True,,MlpPolicy,,,,,,0.5,10,-1,dummy,2785.94772994518,3.22685460212412,2783.66599917412,41666.6666666667,-0.30628080420430603,0.013792137582861002,-0.296528290192407,1.0,0.0,1.0,21.0,4.24264068711929,24.0,0.75,0.212132034355964,0.9,33.5,7.77817459305202,39.0,0.4,0.424264068711928,0.7,34.0,,34.0,0.15,0.212132034355964,0.3,,,,0.0,0.0,0.0,,,,0.0,0.0,0.0,,,,0.0,0.0,0.0,,,,256.0,,,,,,,,0.2,4.0,,,,,,,,,,,
48,widowx_reacher-v11,6,act1,obs4,rew1,1,0,100,30,large,small,ppo,2,1000,1,,,,0.01,,,0.00025,,8.0,128.0,10000000,6.0,True,,MlpPolicy,,,,,,0.5,10,-1,dummy,2803.95963442326,8.42212600761894,2798.0042920112605,41666.6666666667,-0.30328565928011497,0.015750065671726998,-0.292148681039504,1.0,0.0,1.0,18.0,0.0,18.0,0.85,0.070710678118655,0.9,28.0,0.0,28.0,0.55,0.212132034355964,0.7,33.0,,33.0,0.15,0.212132034355964,0.3,,,,0.0,0.0,0.0,,,,0.0,0.0,0.0,,,,0.0,0.0,0.0,,,,256.0,,,,,,,,0.2,4.0,,,,,,,,,,,
49,widowx_reacher-v12,6,act1,obs5,rew1,1,0,100,30,large,small,ppo,2,1000,1,,,,0.01,,,0.00025,,8.0,128.0,10000000,6.0,True,,MlpPolicy,,,,,,0.5,10,-1,dummy,2820.27283811569,0.031392995819642014,2820.25063991547,41666.6666666667,-0.29449112119417,0.00097128288633,-0.293804320478796,1.0,0.0,1.0,18.0,0.0,18.0,0.75,0.070710678118655,0.8,28.0,0.0,28.0,0.7,0.0,0.7,33.5,0.707106781186548,34.0,0.25,0.212132034355964,0.4,42.0,,42.0,0.1,0.14142135623731,0.2,62.0,,62.0,0.0,0.0,0.0,,,,0.0,0.0,0.0,,,,256.0,,,,,,,,0.2,4.0,,,,,,,,,,,
50,widowx_reacher-v1,6,act1,obs1,rew1,0,0,100,30,large,small,ppo,2,1000,1,,,,0.01,,,0.00025,,8.0,128.0,500000,6.0,True,,MlpPolicy,,,,,,0.5,10,-1,dummy,141.819088101387,0.8998869720375592,141.182771921158,2083.3333333333303,-0.39409623926997,0.001229437613849,-0.3932268955961721,1.0,0.0,1.0,29.0,0.0,29.0,1.0,0.0,1.0,36.0,0.0,36.0,1.0,0.0,1.0,38.0,0.0,38.0,0.0,0.0,0.0,,,,0.0,0.0,0.0,,,,0.0,0.0,0.0,,,,0.0,0.0,0.0,,,,256.0,,,,,,,,0.2,4.0,,,,,,,,,,,
51,widowx_reacher-v1,6,act1,obs1,rew1,0,0,100,30,large,small,ppo,2,1000,1,,,,0.01,,,0.00025,,8.0,128.0,500000,6.0,False,,MlpPolicy,,,,,,0.5,10,-1,dummy,127.23836362361901,0.7188804190243689,126.730038404465,2083.3333333333303,-0.463139442486863,0.056622757203648,-0.423101106898684,0.5,0.707106781186548,1.0,28.0,,28.0,0.0,0.0,0.0,,,,0.0,0.0,0.0,,,,0.0,0.0,0.0,,,,0.0,0.0,0.0,,,,0.0,0.0,0.0,,,,0.0,0.0,0.0,,,,256.0,,,,,,,,0.2,4.0,,,,,,,,,,,
52,widowx_reacher-v1,6,act1,obs1,rew1,0,0,100,30,large,small,ppo,2,1000,1,,,,0.01,,,0.00025,,8.0,8.0,500000,6.0,True,,MlpPolicy,,,,,,0.5,10,-1,dummy,256.20504796505,3.4116176194510497,253.79267001152002,2083.3333333333303,-0.4521201677707721,0.028561542980709,-0.431924107047962,1.0,0.0,1.0,32.0,2.82842712474619,34.0,0.0,0.0,0.0,,,,0.0,0.0,0.0,,,,0.0,0.0,0.0,,,,0.0,0.0,0.0,,,,0.0,0.0,0.0,,,,0.0,0.0,0.0,,,,256.0,,,,,,,,0.2,4.0,,,,,,,,,,,
53,widowx_reacher-v1,6,act1,obs1,rew1,0,0,100,30,large,small,ppo,2,1000,1,,,,0.01,,,0.00025,,8.0,16.0,500000,6.0,True,,MlpPolicy,,,,,,0.5,10,-1,dummy,174.849768161774,0.717355208870457,174.342521429062,2083.3333333333303,-0.457361160966684,0.02219855320670201,-0.441664413461695,1.0,0.0,1.0,33.0,0.0,33.0,0.0,0.0,0.0,,,,0.0,0.0,0.0,,,,0.0,0.0,0.0,,,,0.0,0.0,0.0,,,,0.0,0.0,0.0,,,,0.0,0.0,0.0,,,,256.0,,,,,,,,0.2,4.0,,,,,,,,,,,
54,widowx_reacher-v1,6,act1,obs1,rew1,0,0,100,30,large,small,ppo,2,1000,1,,,,0.01,,,0.00025,,8.0,32.0,500000,6.0,True,,MlpPolicy,,,,,,0.5,10,-1,dummy,136.43550157547,0.9249651898385112,135.781452417374,2083.3333333333303,-0.40663990436087294,0.01159578661265,-0.398440445013875,1.0,0.0,1.0,29.5,0.707106781186548,30.0,1.0,0.0,1.0,36.5,0.707106781186548,37.0,0.5,0.707106781186548,1.0,38.0,,38.0,0.0,0.0,0.0,,,,0.0,0.0,0.0,,,,0.0,0.0,0.0,,,,0.0,0.0,0.0,,,,256.0,,,,,,,,0.2,4.0,,,,,,,,,,,
55,widowx_reacher-v1,6,act1,obs1,rew1,0,0,100,30,large,small,ppo,2,1000,1,,,,0.01,,,0.00025,,8.0,64.0,500000,6.0,True,,MlpPolicy,,,,,,0.5,10,-1,dummy,142.946324825287,1.7642515686257698,141.698810577393,2083.3333333333303,-0.39428270031135104,0.000164135913887,-0.39416663869360496,1.0,0.0,1.0,29.0,0.0,29.0,1.0,0.0,1.0,36.0,0.0,36.0,0.5,0.707106781186548,1.0,38.0,,38.0,0.5,0.707106781186548,1.0,40.0,,40.0,0.0,0.0,0.0,,,,0.0,0.0,0.0,,,,0.0,0.0,0.0,,,,256.0,,,,,,,,0.2,4.0,,,,,,,,,,,
56,widowx_reacher-v1,6,act1,obs1,rew1,0,0,100,30,large,small,ppo,2,1000,1,,,,0.01,,,0.00025,,8.0,256.0,500000,6.0,True,,MlpPolicy,,,,,,0.5,10,-1,dummy,140.743763327599,2.24775262831002,139.154362201691,2083.3333333333303,-0.390827984830906,0.000655817005705,-0.390364252178955,1.0,0.0,1.0,29.0,0.0,29.0,1.0,0.0,1.0,36.0,0.0,36.0,1.0,0.0,1.0,38.0,0.0,38.0,0.0,0.0,0.0,,,,0.0,0.0,0.0,,,,0.0,0.0,0.0,,,,0.0,0.0,0.0,,,,256.0,,,,,,,,0.2,4.0,,,,,,,,,,,
57,widowx_reacher-v1,6,act1,obs1,rew1,0,0,100,30,large,small,ppo,2,1000,1,,,,0.01,,,0.00025,,8.0,512.0,500000,6.0,True,,MlpPolicy,,,,,,0.5,10,-1,dummy,140.976101398468,2.4089557259070897,139.272712469101,2083.3333333333303,-0.388910680382878,5.8063076636312786e-06,-0.388906574703355,1.0,0.0,1.0,28.5,0.707106781186548,29.0,1.0,0.0,1.0,36.0,0.0,36.0,1.0,0.0,1.0,38.5,0.707106781186548,39.0,0.5,0.707106781186548,1.0,41.0,,41.0,0.0,0.0,0.0,,,,0.0,0.0,0.0,,,,0.0,0.0,0.0,,,,256.0,,,,,,,,0.2,4.0,,,,,,,,,,,
58,widowx_reacher-v1,6,act1,obs1,rew1,0,0,100,30,large,small,ppo,2,1000,1,,,,0.01,,,0.00025,,8.0,1024.0,500000,6.0,True,,MlpPolicy,,,,,,0.5,10,-1,dummy,144.217808008194,0.4980644817186989,143.865623235703,2083.3333333333303,-0.386705389192642,0.001085516973257,-0.385937812779758,1.0,0.0,1.0,28.0,0.0,28.0,1.0,0.0,1.0,36.0,0.0,36.0,1.0,0.0,1.0,38.0,0.0,38.0,1.0,0.0,1.0,43.0,1.4142135623731005,44.0,0.0,0.0,0.0,,,,0.0,0.0,0.0,,,,0.0,0.0,0.0,,,,256.0,,,,,,,,0.2,4.0,,,,,,,,,,,
59,widowx_reacher-v1,6,act1,obs1,rew1,0,0,100,30,large,small,ppo,2,1000,1,,,,0.01,,,0.00025,,8.0,2048.0,500000,6.0,True,,MlpPolicy,,,,,,0.5,10,-1,dummy,139.396528363228,3.00450873421718,137.272019863129,2083.3333333333303,-0.403484809852444,0.003850379639299,-0.400762180299353,1.0,0.0,1.0,28.0,0.0,28.0,0.0,0.0,0.0,,,,0.0,0.0,0.0,,,,0.0,0.0,0.0,,,,0.0,0.0,0.0,,,,0.0,0.0,0.0,,,,0.0,0.0,0.0,,,,256.0,,,,,,,,0.2,4.0,,,,,,,,,,,
60,widowx_reacher-v1,6,act1,obs1,rew1,0,0,100,30,large,small,ppo,2,1000,1,,,,0.01,,,0.00025,,8.0,1024.0,500000,6.0,True,,MlpPolicy,,,,,,0.5,10,-1,dummy,114.99300134181999,0.708999174684677,114.491663217545,2083.3333333333303,-0.478938385709625,0.08138070079921801,-0.421393540316785,0.5,0.707106781186548,1.0,30.0,,30.0,0.0,0.0,0.0,,,,0.0,0.0,0.0,,,,0.0,0.0,0.0,,,,0.0,0.0,0.0,,,,0.0,0.0,0.0,,,,0.0,0.0,0.0,,,,256.0,,,,,,,,0.2,1.0,,,,,,,,,,,
61,widowx_reacher-v1,6,act1,obs1,rew1,0,0,100,30,large,small,ppo,2,1000,1,,,,0.01,,,0.00025,,8.0,1024.0,500000,6.0,True,,MlpPolicy,,,,,,0.5,10,-1,dummy,151.550651907921,3.17770766783743,149.30367326736499,2083.3333333333303,-0.385478714666718,0.000238786065426,-0.3853098674206021,1.0,0.0,1.0,28.0,0.0,28.0,1.0,0.0,1.0,36.0,0.0,36.0,1.0,0.0,1.0,38.0,0.0,38.0,0.5,0.707106781186548,1.0,40.0,,40.0,0.0,0.0,0.0,,,,0.0,0.0,0.0,,,,0.0,0.0,0.0,,,,256.0,,,,,,,,0.2,5.0,,,,,,,,,,,
62,widowx_reacher-v1,6,act1,obs1,rew1,0,0,100,30,large,small,ppo,2,1000,1,,,,0.01,,,0.00025,,8.0,1024.0,500000,6.0,True,,MlpPolicy,,,,,,0.5,10,-1,dummy,199.52895271778095,0.8422105271369471,198.93341994285598,2083.3333333333303,-0.38555740204766703,0.00025067077230000003,-0.385380151044728,1.0,0.0,1.0,28.0,0.0,28.0,1.0,0.0,1.0,36.0,0.0,36.0,1.0,0.0,1.0,38.0,0.0,38.0,0.0,0.0,0.0,,,,0.0,0.0,0.0,,,,0.0,0.0,0.0,,,,0.0,0.0,0.0,,,,256.0,,,,,,,,0.2,10.0,,,,,,,,,,,
63,widowx_reacher-v1,6,act1,obs1,rew1,0,0,100,30,large,small,ppo,2,1000,1,,,,0.01,,,0.00025,,8.0,1024.0,500000,6.0,True,,MlpPolicy,,,,,,0.5,10,-1,dummy,282.604769587517,0.190324884044121,282.470189571381,2083.3333333333303,-0.385562298311697,0.001001671095605,-0.384854009887476,1.0,0.0,1.0,28.0,0.0,28.0,1.0,0.0,1.0,36.0,0.0,36.0,1.0,0.0,1.0,38.0,0.0,38.0,0.5,0.707106781186548,1.0,41.0,,41.0,0.0,0.0,0.0,,,,0.0,0.0,0.0,,,,0.0,0.0,0.0,,,,256.0,,,,,,,,0.2,20.0,,,,,,,,,,,
64,widowx_reacher-v1,6,act1,obs1,rew1,0,0,100,30,large,small,ppo,2,1000,1,,,,0.01,,,0.00025,,8.0,1024.0,500000,6.0,True,,MlpPolicy,,,,,,0.5,10,-1,dummy,1187.77666258812,16.066004388338,1176.41628193855,2083.3333333333303,-0.38519392175601297,0.00030816921275800003,-0.384976013215919,1.0,0.0,1.0,28.0,0.0,28.0,1.0,0.0,1.0,36.0,0.0,36.0,1.0,0.0,1.0,38.0,0.0,38.0,0.0,0.0,0.0,,,,0.0,0.0,0.0,,,,0.0,0.0,0.0,,,,0.0,0.0,0.0,,,,8.0,,,,,,,,0.2,4.0,,,,,,,,,,,
65,widowx_reacher-v1,6,act1,obs1,rew1,0,0,100,30,large,small,ppo,2,1000,1,,,,0.01,,,0.00025,,8.0,1024.0,500000,6.0,True,,MlpPolicy,,,,,,0.5,10,-1,dummy,651.746162891388,14.2538804061249,641.667147397995,2083.3333333333303,-0.3848696439499621,0.000266402384954,-0.3846812690170371,1.0,0.0,1.0,28.0,0.0,28.0,1.0,0.0,1.0,36.0,0.0,36.0,1.0,0.0,1.0,38.0,0.0,38.0,0.5,0.707106781186548,1.0,40.0,,40.0,0.0,0.0,0.0,,,,0.0,0.0,0.0,,,,0.0,0.0,0.0,,,,16.0,,,,,,,,0.2,4.0,,,,,,,,,,,
66,widowx_reacher-v1,6,act1,obs1,rew1,0,0,100,30,large,small,ppo,2,1000,1,,,,0.01,,,0.00025,,8.0,1024.0,500000,6.0,True,,MlpPolicy,,,,,,0.5,10,-1,dummy,387.84791135787987,6.86021420943602,382.99700736999495,2083.3333333333303,-0.385187171270871,0.000941457354452,-0.3845214603913401,1.0,0.0,1.0,28.0,0.0,28.0,1.0,0.0,1.0,36.0,0.0,36.0,1.0,0.0,1.0,38.0,0.0,38.0,1.0,0.0,1.0,40.5,2.12132034355964,42.0,0.0,0.0,0.0,,,,0.0,0.0,0.0,,,,0.0,0.0,0.0,,,,32.0,,,,,,,,0.2,4.0,,,,,,,,,,,
67,widowx_reacher-v1,6,act1,obs1,rew1,0,0,100,30,large,small,ppo,2,1000,1,,,,0.01,,,0.00025,,8.0,1024.0,500000,6.0,True,,MlpPolicy,,,,,,0.5,10,-1,dummy,253.26136684417702,5.84704004893646,249.12688517570496,2083.3333333333303,-0.385075126896709,0.000333970706185,-0.3848389739456479,1.0,0.0,1.0,28.0,0.0,28.0,1.0,0.0,1.0,36.0,0.0,36.0,1.0,0.0,1.0,38.0,0.0,38.0,0.5,0.707106781186548,1.0,42.0,,42.0,0.5,0.707106781186548,1.0,47.0,,47.0,0.0,0.0,0.0,,,,0.0,0.0,0.0,,,,64.0,,,,,,,,0.2,4.0,,,,,,,,,,,
68,widowx_reacher-v1,6,act1,obs1,rew1,0,0,100,30,large,small,ppo,2,1000,1,,,,0.01,,,0.00025,,8.0,1024.0,500000,6.0,True,,MlpPolicy,,,,,,0.5,10,-1,dummy,181.821426391602,0.769026907970024,181.277642250061,2083.3333333333303,-0.3854462519064161,0.000724125744766,-0.384934217681859,1.0,0.0,1.0,28.0,0.0,28.0,1.0,0.0,1.0,36.0,0.0,36.0,1.0,0.0,1.0,38.0,0.0,38.0,0.5,0.707106781186548,1.0,40.0,,40.0,0.0,0.0,0.0,,,,0.0,0.0,0.0,,,,0.0,0.0,0.0,,,,128.0,,,,,,,,0.2,4.0,,,,,,,,,,,
69,widowx_reacher-v1,6,act1,obs1,rew1,0,0,100,30,large,small,ppo,2,1000,1,,,,0.01,,,0.00025,,8.0,1024.0,500000,6.0,True,,MlpPolicy,,,,,,0.5,10,-1,dummy,122.26367545127898,0.186135318714794,122.13205790519699,2083.3333333333303,-0.395739049714592,0.004142258083616,-0.392810030934243,1.0,0.0,1.0,28.5,0.707106781186548,29.0,0.5,0.707106781186548,1.0,36.0,,36.0,0.0,0.0,0.0,,,,0.0,0.0,0.0,,,,0.0,0.0,0.0,,,,0.0,0.0,0.0,,,,0.0,0.0,0.0,,,,512.0,,,,,,,,0.2,4.0,,,,,,,,,,,
70,widowx_reacher-v1,6,act1,obs1,rew1,0,0,100,30,large,small,ppo,2,1000,1,,,,0.01,,,1e-05,,8.0,1024.0,500000,6.0,True,,MlpPolicy,,,,,,0.5,10,-1,dummy,247.603867411613,2.6610938523269,245.72218990325905,2083.3333333333303,-0.5318936256517189,0.058423853836672014,-0.490581722420757,0.0,0.0,0.0,,,,0.0,0.0,0.0,,,,0.0,0.0,0.0,,,,0.0,0.0,0.0,,,,0.0,0.0,0.0,,,,0.0,0.0,0.0,,,,0.0,0.0,0.0,,,,64.0,,,,,,,,0.2,4.0,,,,,,,,,,,
71,widowx_reacher-v1,6,act1,obs1,rew1,0,0,100,30,large,small,ppo,2,1000,1,,,,0.01,,,0.0001,,8.0,1024.0,500000,6.0,True,,MlpPolicy,,,,,,0.5,10,-1,dummy,249.766244530678,2.3270962622679,248.12073898315398,2083.3333333333303,-0.385710150878282,0.000523629067925,-0.385339889213526,1.0,0.0,1.0,28.0,0.0,28.0,1.0,0.0,1.0,36.0,0.0,36.0,1.0,0.0,1.0,38.0,0.0,38.0,0.0,0.0,0.0,,,,0.0,0.0,0.0,,,,0.0,0.0,0.0,,,,0.0,0.0,0.0,,,,64.0,,,,,,,,0.2,4.0,,,,,,,,,,,
72,widowx_reacher-v1,6,act1,obs1,rew1,0,0,100,30,large,small,ppo,2,1000,1,,,,0.01,,,0.001,,8.0,1024.0,500000,6.0,True,,MlpPolicy,,,,,,0.5,10,-1,dummy,247.896164298058,0.14492800775089498,247.793684720993,2083.3333333333303,-0.384650319330063,0.000115580222809,-0.3845685917707439,1.0,0.0,1.0,28.0,0.0,28.0,1.0,0.0,1.0,36.0,0.0,36.0,1.0,0.0,1.0,38.0,0.0,38.0,1.0,0.0,1.0,40.0,0.0,40.0,0.0,0.0,0.0,,,,0.0,0.0,0.0,,,,0.0,0.0,0.0,,,,64.0,,,,,,,,0.2,4.0,,,,,,,,,,,
73,widowx_reacher-v1,6,act1,obs1,rew1,0,0,100,30,large,small,ppo,2,1000,1,,,,0.01,,,0.01,,8.0,1024.0,500000,6.0,True,,MlpPolicy,,,,,,0.5,10,-1,dummy,234.75992071628602,0.3663267516777729,234.500888586044,2083.3333333333303,-0.6290492378848289,0.32250984975756897,-0.401000336121797,0.5,0.707106781186548,1.0,28.0,,28.0,0.0,0.0,0.0,,,,0.0,0.0,0.0,,,,0.0,0.0,0.0,,,,0.0,0.0,0.0,,,,0.0,0.0,0.0,,,,0.0,0.0,0.0,,,,64.0,,,,,,,,0.2,4.0,,,,,,,,,,,
74,widowx_reacher-v1,6,act1,obs1,rew1,0,0,100,30,large,small,ppo,2,1000,1,,,,0.01,,,0.1,,8.0,1024.0,500000,6.0,True,,MlpPolicy,,,,,,0.5,10,-1,dummy,237.077755212784,6.091227425265781,232.770606994629,2083.3333333333303,,,,0.0,0.0,0.0,,,,0.0,0.0,0.0,,,,0.0,0.0,0.0,,,,0.0,0.0,0.0,,,,0.0,0.0,0.0,,,,0.0,0.0,0.0,,,,0.0,0.0,0.0,,,,64.0,,,,,,,,0.2,4.0,,,,,,,,,,,
75,widowx_reacher-v1,6,act1,obs1,rew1,0,0,100,30,large,small,ppo,2,1000,1,,,,0.01,,,1.0,,8.0,1024.0,500000,6.0,True,,MlpPolicy,,,,,,0.5,10,-1,dummy,242.78903663158403,5.20266581718528,239.110196352005,2083.3333333333303,,,,0.0,0.0,0.0,,,,0.0,0.0,0.0,,,,0.0,0.0,0.0,,,,0.0,0.0,0.0,,,,0.0,0.0,0.0,,,,0.0,0.0,0.0,,,,0.0,0.0,0.0,,,,64.0,,,,,,,,0.2,4.0,,,,,,,,,,,
76,widowx_reacher-v1,6,act1,obs1,rew1,0,0,100,30,large,small,ppo,2,1000,1,,,,0.01,,,0.0002,,8.0,1024.0,500000,6.0,True,,MlpPolicy,,,,,,0.5,10,-1,dummy,240.12418985366799,2.06884178519216,238.661297798157,2083.3333333333303,-0.3853401883871471,0.0007640451989199999,-0.384799926845858,1.0,0.0,1.0,28.0,0.0,28.0,1.0,0.0,1.0,36.0,0.0,36.0,1.0,0.0,1.0,38.0,0.0,38.0,0.0,0.0,0.0,,,,0.0,0.0,0.0,,,,0.0,0.0,0.0,,,,0.0,0.0,0.0,,,,64.0,,,,,,,,0.2,4.0,,,,,,,,,,,
77,widowx_reacher-v1,6,act1,obs1,rew1,0,0,100,30,large,small,ppo,2,1000,1,,,,0.01,,,0.0003,,8.0,1024.0,500000,6.0,True,,MlpPolicy,,,,,,0.5,10,-1,dummy,240.06119346618598,4.3596255028948505,236.978472709656,2083.3333333333303,-0.384698643581316,0.000277514349928,-0.3845024113026061,1.0,0.0,1.0,28.0,0.0,28.0,1.0,0.0,1.0,36.0,0.0,36.0,1.0,0.0,1.0,38.0,0.0,38.0,1.0,0.0,1.0,41.0,1.4142135623731005,42.0,0.5,0.707106781186548,1.0,48.0,,48.0,0.5,0.707106781186548,1.0,99.0,,99.0,0.0,0.0,0.0,,,,64.0,,,,,,,,0.2,4.0,,,,,,,,,,,
78,widowx_reacher-v1,6,act1,obs1,rew1,0,0,100,30,large,small,ppo,2,1000,1,,,,0.01,,,0.0004,,8.0,1024.0,500000,6.0,True,,MlpPolicy,,,,,,0.5,10,-1,dummy,254.94764542579603,7.1980997619764615,249.857820272446,2083.3333333333303,-0.38466806472862897,0.000169052157931,-0.384548526801382,1.0,0.0,1.0,28.0,0.0,28.0,1.0,0.0,1.0,36.0,0.0,36.0,1.0,0.0,1.0,38.0,0.0,38.0,1.0,0.0,1.0,40.0,0.0,40.0,0.0,0.0,0.0,,,,0.0,0.0,0.0,,,,0.0,0.0,0.0,,,,64.0,,,,,,,,0.2,4.0,,,,,,,,,,,
79,widowx_reacher-v1,6,act1,obs1,rew1,0,0,100,30,large,small,ppo,2,1000,1,,,,0.01,,,0.0003,,8.0,1024.0,500000,6.0,True,,MlpPolicy,,,,,,0.5,10,-1,dummy,245.97051858902,4.4050136126436685,242.8557035923,2083.3333333333303,-0.406822798238522,0.028161592304114,-0.386909545351273,1.0,0.0,1.0,28.0,0.0,28.0,0.5,0.707106781186548,1.0,36.0,,36.0,0.0,0.0,0.0,,,,0.0,0.0,0.0,,,,0.0,0.0,0.0,,,,0.0,0.0,0.0,,,,0.0,0.0,0.0,,,,64.0,,,,,,,,0.1,4.0,,,,,,,,,,,
80,widowx_reacher-v1,6,act1,obs1,rew1,0,0,100,30,large,small,ppo,2,1000,1,,,,0.01,,,0.0003,,8.0,1024.0,500000,6.0,True,,MlpPolicy,,,,,,0.5,10,-1,dummy,242.094369530678,1.67494290239333,240.91000604629502,2083.3333333333303,-0.385455810063618,0.001056585579044,-0.384708691235772,1.0,0.0,1.0,28.0,0.0,28.0,1.0,0.0,1.0,36.0,0.0,36.0,1.0,0.0,1.0,38.0,0.0,38.0,1.0,0.0,1.0,42.0,2.82842712474619,44.0,0.0,0.0,0.0,,,,0.0,0.0,0.0,,,,0.0,0.0,0.0,,,,64.0,,,,,,,,0.3,4.0,,,,,,,,,,,
81,widowx_reacher-v1,6,act1,obs1,rew1,0,0,100,30,large,small,ppo,2,1000,1,,,,0.01,,,0.0003,,8.0,1024.0,500000,6.0,True,,MlpPolicy,,,,,,0.5,10,-1,dummy,244.94327878952004,2.53685590109736,243.14945077896095,2083.3333333333303,-0.385262774853572,0.000428430005648,-0.384959829091315,1.0,0.0,1.0,28.0,0.0,28.0,1.0,0.0,1.0,36.0,0.0,36.0,1.0,0.0,1.0,38.0,0.0,38.0,0.0,0.0,0.0,,,,0.0,0.0,0.0,,,,0.0,0.0,0.0,,,,0.0,0.0,0.0,,,,64.0,,,,,,,,0.4,4.0,,,,,,,,,,,
82,widowx_reacher-v1,6,act1,obs1,rew1,0,0,100,30,large,small,ppo,2,1000,1,,,,0.01,,,0.0003,,8.0,1024.0,500000,6.0,True,,MlpPolicy,,,,,,0.25,10,-1,dummy,246.339889168739,4.4585136420316,243.18724393844602,2083.3333333333303,-0.384620331293579,9.62059486882771e-05,-0.384552303414871,1.0,0.0,1.0,28.0,0.0,28.0,1.0,0.0,1.0,36.0,0.0,36.0,1.0,0.0,1.0,38.0,0.0,38.0,1.0,0.0,1.0,41.5,2.12132034355964,43.0,0.0,0.0,0.0,,,,0.0,0.0,0.0,,,,0.0,0.0,0.0,,,,64.0,,,,,,,,0.2,4.0,,,,,,,,,,,
83,widowx_reacher-v1,6,act1,obs1,rew1,0,0,100,30,large,small,ppo,2,1000,1,,,,0.01,,,0.0003,,8.0,1024.0,500000,6.0,True,,MlpPolicy,,,,,,0.75,10,-1,dummy,241.863756895065,5.54369704191118,237.943771123886,2083.3333333333303,-0.384771017925971,0.0003772660235990001,-0.384504250562372,1.0,0.0,1.0,28.0,0.0,28.0,1.0,0.0,1.0,36.0,0.0,36.0,1.0,0.0,1.0,38.0,0.0,38.0,0.5,0.707106781186548,1.0,40.0,,40.0,0.5,0.707106781186548,1.0,46.0,,46.0,0.0,0.0,0.0,,,,0.0,0.0,0.0,,,,64.0,,,,,,,,0.2,4.0,,,,,,,,,,,
84,widowx_reacher-v1,6,act1,obs1,rew1,0,0,100,30,large,small,ppo,2,1000,1,,,,0.01,,,0.0003,,8.0,1024.0,500000,6.0,True,,MlpPolicy,,,,,,1.0,10,-1,dummy,244.583133220672,1.19916617992941,243.73519468307495,2083.3333333333303,-0.38561318986697296,0.000465215138357,-0.38528423308793,1.0,0.0,1.0,28.0,0.0,28.0,1.0,0.0,1.0,36.0,0.0,36.0,1.0,0.0,1.0,38.0,0.0,38.0,0.0,0.0,0.0,,,,0.0,0.0,0.0,,,,0.0,0.0,0.0,,,,0.0,0.0,0.0,,,,64.0,,,,,,,,0.2,4.0,,,,,,,,,,,
85,widowx_reacher-v1,6,act1,obs1,rew1,0,0,100,30,large,small,ppo,2,1000,1,,,,0.01,,,0.0003,,8.0,1024.0,500000,6.0,True,,MlpPolicy,,,,,,0.0,10,-1,dummy,237.02116477489497,2.26657473650541,235.418454408646,2083.3333333333303,-2.96383885014802,1.2169310383811698,-2.10333866067231,0.0,0.0,0.0,,,,0.0,0.0,0.0,,,,0.0,0.0,0.0,,,,0.0,0.0,0.0,,,,0.0,0.0,0.0,,,,0.0,0.0,0.0,,,,0.0,0.0,0.0,,,,64.0,,,,,,,,0.2,4.0,,,,,,,,,,,
86,widowx_reacher-v1,6,act1,obs1,rew1,0,0,100,30,large,small,ppo,2,1000,1,,,,1E-08,,,0.0003,,8.0,1024.0,500000,6.0,True,,MlpPolicy,,,,,,0.5,10,-1,dummy,241.31611990928602,0.211694179176174,241.166429519653,2083.3333333333303,-0.384613971777526,0.000277091685982,-0.38441803836735705,1.0,0.0,1.0,28.0,0.0,28.0,1.0,0.0,1.0,36.0,0.0,36.0,1.0,0.0,1.0,38.0,0.0,38.0,1.0,0.0,1.0,40.0,0.0,40.0,0.0,0.0,0.0,,,,0.0,0.0,0.0,,,,0.0,0.0,0.0,,,,64.0,,,,,,,,0.2,4.0,,,,,,,,,,,
87,widowx_reacher-v1,6,act1,obs1,rew1,0,0,100,30,large,small,ppo,2,1000,1,,,,1E-07,,,0.0003,,8.0,1024.0,500000,6.0,True,,MlpPolicy,,,,,,0.5,10,-1,dummy,237.871860742569,1.2654257462355902,236.977069616318,2083.3333333333303,-0.38472361540886296,1.1346267726438802e-06,-0.3847228131065779,1.0,0.0,1.0,28.0,0.0,28.0,1.0,0.0,1.0,36.0,0.0,36.0,1.0,0.0,1.0,38.0,0.0,38.0,1.0,0.0,1.0,41.5,0.707106781186548,42.0,0.0,0.0,0.0,,,,0.0,0.0,0.0,,,,0.0,0.0,0.0,,,,64.0,,,,,,,,0.2,4.0,,,,,,,,,,,
88,widowx_reacher-v1,6,act1,obs1,rew1,0,0,100,30,large,small,ppo,2,1000,1,,,,1E-06,,,0.0003,,8.0,1024.0,500000,6.0,True,,MlpPolicy,,,,,,0.5,10,-1,dummy,239.169367909431,0.18042745531465,239.041786432266,2083.3333333333303,-0.384641165893498,7.0069796846304996e-06,-0.384636211210648,1.0,0.0,1.0,28.0,0.0,28.0,1.0,0.0,1.0,36.0,0.0,36.0,1.0,0.0,1.0,38.0,0.0,38.0,1.0,0.0,1.0,40.0,0.0,40.0,0.0,0.0,0.0,,,,0.0,0.0,0.0,,,,0.0,0.0,0.0,,,,64.0,,,,,,,,0.2,4.0,,,,,,,,,,,
89,widowx_reacher-v1,6,act1,obs1,rew1,0,0,100,30,large,small,ppo,2,1000,1,,,,1E-05,,,0.0003,,8.0,1024.0,500000,6.0,True,,MlpPolicy,,,,,,0.5,10,-1,dummy,236.636291503906,0.164079704301659,236.520269632339,2083.3333333333303,-0.38493647432882505,4.6186388518275895e-05,-0.384903815620305,1.0,0.0,1.0,28.0,0.0,28.0,1.0,0.0,1.0,36.0,0.0,36.0,1.0,0.0,1.0,38.0,0.0,38.0,1.0,0.0,1.0,41.5,0.707106781186548,42.0,0.5,0.707106781186548,1.0,43.0,,43.0,0.0,0.0,0.0,,,,0.0,0.0,0.0,,,,64.0,,,,,,,,0.2,4.0,,,,,,,,,,,
90,widowx_reacher-v1,6,act1,obs1,rew1,0,0,100,30,large,small,ppo,2,1000,1,,,,0.0001,,,0.0003,,8.0,1024.0,500000,6.0,True,,MlpPolicy,,,,,,0.5,10,-1,dummy,235.861998796463,0.904797417063846,235.222210407257,2083.3333333333303,-0.384953373899918,0.0003675156124890001,-0.384693501118136,1.0,0.0,1.0,28.0,0.0,28.0,1.0,0.0,1.0,36.0,0.0,36.0,1.0,0.0,1.0,38.0,0.0,38.0,1.0,0.0,1.0,40.5,2.12132034355964,42.0,0.0,0.0,0.0,,,,0.0,0.0,0.0,,,,0.0,0.0,0.0,,,,64.0,,,,,,,,0.2,4.0,,,,,,,,,,,
91,widowx_reacher-v1,6,act1,obs1,rew1,0,0,100,30,large,small,ppo,2,1000,1,,,,0.001,,,0.0003,,8.0,1024.0,500000,6.0,True,,MlpPolicy,,,,,,0.5,10,-1,dummy,248.128230929375,8.45761635146341,242.147793054581,2083.3333333333303,-0.385177916330747,0.0009836367078660002,-0.384482380144391,1.0,0.0,1.0,28.0,0.0,28.0,1.0,0.0,1.0,36.0,0.0,36.0,1.0,0.0,1.0,38.0,0.0,38.0,0.5,0.707106781186548,1.0,40.0,,40.0,0.0,0.0,0.0,,,,0.0,0.0,0.0,,,,0.0,0.0,0.0,,,,64.0,,,,,,,,0.2,4.0,,,,,,,,,,,
92,widowx_reacher-v1,6,act1,obs1,rew1,0,0,100,30,large,small,ppo,2,1000,1,,,,0.1,,,0.0003,,8.0,1024.0,500000,6.0,True,,MlpPolicy,,,,,,0.5,10,-1,dummy,239.040952444076,2.37316698237516,237.36286997795105,2083.3333333333303,-0.386005967190556,0.00178417636352,-0.3847443639850779,1.0,0.0,1.0,28.0,0.0,28.0,1.0,0.0,1.0,36.0,0.0,36.0,1.0,0.0,1.0,38.0,0.0,38.0,0.5,0.707106781186548,1.0,40.0,,40.0,0.0,0.0,0.0,,,,0.0,0.0,0.0,,,,0.0,0.0,0.0,,,,64.0,,,,,,,,0.2,4.0,,,,,,,,,,,
93,widowx_reacher-v12,6,act1,obs5,rew1,1,0,100,30,large,small,ppo,2,1000,1,,,,0.01,,,0.0003,,8.0,1024.0,10000000,6.0,True,,MlpPolicy,,,,,,0.5,10,-1,dummy,4897.698607921599,0.9977753879276272,4896.9930741787,41666.6666666667,-0.289478629500888,3.9374591815298996e-05,-0.28945078746000896,1.0,0.0,1.0,18.0,0.0,18.0,0.9,0.0,0.9,28.0,0.0,28.0,0.9,0.0,0.9,34.0,0.0,34.0,0.5,0.0,0.5,42.0,,42.0,0.15,0.070710678118655,0.2,,,,0.0,0.0,0.0,,,,0.0,0.0,0.0,,,,64.0,,,,,,,,0.2,4.0,,,,,,,,,,,
94,widowx_reacher-v12,6,act1,obs5,rew1,1,0,100,30,large,small,ppo,2,1000,1,,,,0.01,,,0.00025,,8.0,128.0,5000000,6.0,True,,MlpPolicy,,,,,,0.5,10,-1,dummy,1430.37453961372,1.13965381830767,1429.5686826705899,20833.3333333333,-0.455313406976006,0.014773860571521004,-0.44486670998157896,0.75,0.070710678118655,0.8,18.0,,18.0,0.3,0.14142135623731,0.4,28.0,,28.0,0.0,0.0,0.0,,,,0.0,0.0,0.0,,,,0.0,0.0,0.0,,,,0.0,0.0,0.0,,,,0.0,0.0,0.0,,,,256.0,,,,,,,,0.2,4.0,,,,,,,,,,,
95,widowx_reacher-v13,6,act1,obs5,rew1,1,0,100,10,large,large,ppo,2,1000,1,,,,0.01,,,0.00025,,8.0,128.0,5000000,6.0,True,,MlpPolicy,,,,,,0.5,10,-1,dummy,1434.8970991373099,0.271867909144895,1434.70485949516,20833.3333333333,-0.20953815321819294,0.152273685931505,-0.101864397299755,0.95,0.070710678118655,1.0,6.0,0.0,6.0,0.9,0.14142135623731,1.0,9.0,0.0,9.0,0.45,0.353553390593274,0.7,11.0,,11.0,0.2,0.14142135623731,0.3,15.0,,15.0,0.0,0.0,0.0,,,,0.0,0.0,0.0,,,,0.0,0.0,0.0,,,,256.0,,,,,,,,0.2,4.0,,,,,,,,,,,
96,widowx_reacher-v14,6,act1,obs5,rew1,0,0,100,10,large,large,ppo,2,1000,1,,,,0.01,,,0.00025,,8.0,128.0,500000,6.0,True,,MlpPolicy,,,,,,0.5,10,-1,dummy,139.323303103447,0.413861990477088,139.030658483505,2083.3333333333303,-0.122905575588447,0.003109862456727,-0.120706570756738,1.0,0.0,1.0,9.0,0.0,9.0,1.0,0.0,1.0,12.0,0.0,12.0,0.5,0.707106781186548,1.0,12.0,,12.0,0.5,0.707106781186548,1.0,16.0,,16.0,0.0,0.0,0.0,,,,0.0,0.0,0.0,,,,0.0,0.0,0.0,,,,256.0,,,,,,,,0.2,4.0,,,,,,,,,,,
97,widowx_reacher-v1,6,act1,obs1,rew1,0,0,100,30,large,small,ppo,10,1000,1,,,,0.01,,,0.0003,,8.0,1024.0,500000,6.0,True,,MlpPolicy,,,,,,0.5,10,-1,dummy,255.292985033989,4.142295368079971,249.17966318130505,2083.3333333333303,-0.386471630357468,0.0018410660658920003,-0.3845024113026061,1.0,0.0,1.0,28.0,0.0,28.0,1.0,0.0,1.0,36.0,0.0,36.0,0.6,0.516397779494322,1.0,38.0,0.0,38.0,0.3,0.483045891539648,1.0,40.6666666666667,1.15470053837925,42.0,0.1,0.31622776601683805,1.0,48.0,,48.0,0.1,0.31622776601683805,1.0,99.0,,99.0,0.0,0.0,0.0,,,,64.0,,,,,,,,0.2,4.0,,,,,,,,,,,
1001,widowx_reacher-v1,6,act1,obs1,rew1,0,0,100,30,large,small,a2c,1,100,1,True,False,auto,0.0,1.0,0.99,0.0007,0.5,8.0,5.0,1000,6.0,True,False,MlpPolicy,None,5e-05,-1.0,True,False,0.5,10,-1,dummy,0.37830209732055664,,0.37830209732055664,4.166666666666667,-5.836827177554369,,-5.836827177554369,0.0,,0.0,,,,0.0,,0.0,,,,0.0,,0.0,,,,0.0,,0.0,,,,0.0,,0.0,,,,0.0,,0.0,,,,0.0,,0.0,,,,,,,,,,,,,,,,,,,,,,,,
1002,widowx_reacher-v3,6,act1,obs1,rew1,1,0,100,30,large,small,a2c,1,100,1,True,False,auto,0.0,1.0,0.99,0.0007,0.5,8.0,5.0,1000,6.0,True,False,MlpPolicy,None,5e-05,-1.0,True,False,0.5,10,-1,dummy,0.3866353034973145,,0.3866353034973145,4.166666666666667,-0.7381923114880921,,-0.7381923114880921,0.0,,0.0,,,,0.0,,0.0,,,,0.0,,0.0,,,,0.0,,0.0,,,,0.0,,0.0,,,,0.0,,0.0,,,,0.0,,0.0,,,,,,,,,,,,,,,,,,,,,,,,
